name,Manufacturer,Part #,Socket / CPU,Form Factor,Chipset,Memory Max,Memory Type,Memory Slots,Memory Speed,Color,PCIe x16 Slots,PCIe x1 Slots,M.2 Slots,SATA 6.0 Gb/s Ports,Onboard Ethernet,Onboard Video,USB 2.0 Headers,USB 3.2 Gen 1 Headers,USB 3.2 Gen 2 Headers,Supports ECC,Wireless Networking,RAID Support,Uses Back-Connect Connectors
MSI B650 GAMING PLUS WIFI         (50),MSI,"B650 GAMING PLUS WIFI, 7E26-001R, 911-7E26-001",AM5,ATX,AMD B650,192 GB,DDR5,4,"DDR5-4800, DDR5-5000, DDR5-5200, DDR5-5400, DDR5-5600, DDR5-5800, DDR5-6000, DDR5-6200, DDR5-6400",Black,2,1,"2280/22110 M-key, 2260/2280 M-key",4,1 x 2.5 Gb/s Ports (Realtek 8125BG),Depends on CPU,2,1,1,No,Wi-Fi 6E,Yes,No
Asus PRIME B650-PLUS WIFI         (4),Asus,"PRIME B650-PLUS WIFI, 90MB1KP0-M0EAY0",AM5,ATX,AMD B650,192 GB,DDR5,4,"DDR5-4800, DDR5-5000, DDR5-5200, DDR5-5400, DDR5-5600, DDR5-5800, DDR5-6000, DDR5-6200, DDR5-6400, DDR5-6600, DDR5-6800, DDR5-7000, DDR5-7200, DDR5-7600",Black / Silver,2,2,"2242/2260/2280/22110 M-key, 2242/2260/2280/22110 M-key",4,1 x 2.5 Gb/s Ports (Realtek),Depends on CPU,2,1,1,No,Wi-Fi 6E,Yes,No
Asus PRIME B550M-A WIFI II         (30),Asus,"PRIME B550M-A WIFI II, 90MB19X0-M0AAY0, 90MB19X0-M0EAY0",AM4,Micro ATX,AMD B550,128 GB,DDR4,4,"DDR4-2133, DDR4-2400, DDR4-2666, DDR4-2800, DDR4-2933, DDR4-3000, DDR4-3200, DDR4-3333, DDR4-3400, DDR4-3466, DDR4-3600, DDR4-3733, DDR4-3866, DDR4-4000, DDR4-4133, DDR4-4200, DDR4-4266, DDR4-4333, DDR4-4400, DDR4-4600, DDR4-4800, DDR4-4866",Blue / Silver,1,2,"2242/2260/2280/22110 M-key, 2242/2260/2280 M-key",4,1 x 1 Gb/s Ports (Realtek),Depends on CPU,2,1,,No,Wi-Fi 6,Yes,No
MSI MAG B650 TOMAHAWK WIFI         (117),MSI,"MAG B650 TOMAHAWK WIFI, 7D75-001R, B650TOMAHAWKWIFI, 911-7D75-001",AM5,ATX,AMD B650,256 GB,DDR5,4,"DDR5-4800, DDR5-5000, DDR5-5200, DDR5-5400, DDR5-5600, DDR5-5800, DDR5-6000, DDR5-6200, DDR5-6400, DDR5-6600, DDR5-7000, DDR5-7200, DDR5-7400, DDR5-7600",Black,2,1,"2260/2280 M-key, 2260/2280 M-key, 2260/2280 M-key",6,1 x 2.5 Gb/s Ports (Realtek RTL8125B),Depends on CPU,2,1,1,No,Wi-Fi 6E,Yes,No
Gigabyte X870E AORUS ELITE WIFI7         (8),Gigabyte,"X870E AORUS ELITE WIFI7, X870E A ELITE WIFI7",AM5,ATX,AMD X870E,256 GB,DDR5,4,"DDR5-4400, DDR5-4800, DDR5-5200, DDR5-5600, DDR5-6000, DDR5-6200, DDR5-6400, DDR5-6600, DDR5-6666, DDR5-6800, DDR5-7000, DDR5-7200, DDR5-7600, DDR5-7800, DDR5-8000",Black,3,,"2580/25110 M-key, 2280/22110 M-key, 2280/22110 M-key, 2280/22110 M-key",4,1 x 2.5 Gb/s Ports (Realtek),Depends on CPU,2,2,,No,Wi-Fi 7,Yes,No
Gigabyte B650 EAGLE AX         (41),Gigabyte,"B650 EAGLE AX, B650 EAGLE AX 1.0",AM5,ATX,AMD B650,192 GB,DDR5,4,"DDR5-4400, DDR5-4800, DDR5-5200, DDR5-5600, DDR5-6000, DDR5-6200, DDR5-6400, DDR5-6600, DDR5-6800, DDR5-7000, DDR5-7200, DDR5-7600",Gray / Black,4,,"2580/25110 M-key, 2280/22110 M-key, 2280/22110 M-key",4,1 x 1 Gb/s Ports (Realtek),Depends on CPU,3,1,1,No,Wi-Fi 6E,Yes,No
MSI MAG X870 TOMAHAWK WIFI         (25),MSI,"MAG X870 TOMAHAWK WIFI, 7E51-001R, 911-7E51-07S",AM5,ATX,AMD X870,256 GB,DDR5,4,"DDR5-4800, DDR5-5000, DDR5-5200, DDR5-5400, DDR5-5600, DDR5-5800, DDR5-6000, DDR5-6200, DDR5-6400, DDR5-6600, DDR5-6800, DDR5-7000, DDR5-7200, DDR5-7400, DDR5-7600, DDR5-7800, DDR5-8000, DDR5-8200, DDR5-8400",Black,3,,"2280/22110 M-key, 2260/2280 M-key, 2260/2280 M-key, 2260/2280 M-key",4,1 x 5 Gb/s Ports (Realtek 8126VB),Depends on CPU,2,2,,No,Wi-Fi 7,Yes,No
Gigabyte A520M K V2         (6),Gigabyte,A520M K V2,AM4,Micro ATX,AMD A520,64 GB,DDR4,2,"DDR4-2133, DDR4-2400, DDR4-2666, DDR4-2933, DDR4-3200, DDR4-3400, DDR4-3466, DDR4-3600, DDR4-3733, DDR4-3866, DDR4-4000, DDR4-4133, DDR4-4266, DDR4-4400, DDR4-4600, DDR4-4800, DDR4-5100",Brown / Black,1,1,2280 M-key,4,1 x 1 Gb/s Ports (Realtek),Depends on CPU,2,1,,No,None,Yes,No
Gigabyte X870 EAGLE WIFI7         (9),Gigabyte,X870 EAGLE WIFI7,AM5,ATX,AMD X870,256 GB,DDR5,4,"DDR5-4400, DDR5-4800, DDR5-5200, DDR5-5600, DDR5-6000, DDR5-6200, DDR5-6400, DDR5-6600, DDR5-6666, DDR5-6800, DDR5-7000, DDR5-7200, DDR5-7600, DDR5-7800, DDR5-8000",Black,3,,"2580/25110 M-key, 2580/25110 M-key, 2580/25110 M-key",4,1 x 2.5 Gb/s Ports (Realtek),Depends on CPU,2,1,1,No,Wi-Fi 7,Yes,No
ASRock B650M PG Lightning Wifi         (6),ASRock,"B650M PG Lightning Wifi, 90-MXBMW0-A0UAYZ",AM5,Micro ATX,AMD B650,256 GB,DDR5,4,"DDR5-4400, DDR5-4800, DDR5-5200, DDR5-5600, DDR5-6000, DDR5-6200, DDR5-6400, DDR5-6600, DDR5-6800, DDR5-7000, DDR5-7200",Silver / Black,2,,"2260/2280 M-key, 2260/2280 M-key, 2260/2280 M-key, 2230 E-key",4,1 x 2.5 Gb/s Ports (Realtek Dragon RTL8125BG),Depends on CPU,2,2,1,No,Wi-Fi 6E,Yes,No
Gigabyte X870 AORUS ELITE WIFI7 ICE         (13),Gigabyte,"X870 AORUS ELITE WIFI7 ICE, X870 A ELITE WF7 ICE",AM5,ATX,AMD X870,256 GB,DDR5,4,"DDR5-4400, DDR5-4800, DDR5-5200, DDR5-5600, DDR5-6000, DDR5-6200, DDR5-6400, DDR5-6600, DDR5-6666, DDR5-6800, DDR5-7000, DDR5-7200, DDR5-7600, DDR5-7800, DDR5-8000",White,3,,"2580/25110 M-key, 2280/22110 M-key, 2280/22110 M-key, 2280/22110 M-key",4,1 x 2.5 Gb/s Ports (Realtek),Depends on CPU,2,2,,No,Wi-Fi 7,Yes,No
MSI B550M PRO-VDH WIFI         (132),MSI,"B550M PRO-VDH WIFI, 7C95-001R, 911-7C95-008",AM4,Micro ATX,AMD B550,128 GB,DDR4,4,"DDR4-1866, DDR4-2133, DDR4-2400, DDR4-2666, DDR4-2800, DDR4-2933, DDR4-3000, DDR4-3200, DDR4-3466, DDR4-3600, DDR4-3733, DDR4-3866, DDR4-4000, DDR4-4133, DDR4-4266, DDR4-4400",Black,1,2,"2242/2260/2280 M-key, 2242/2260/2280 M-key",4,1 x 1 Gb/s Ports (Realtek RTL8111HN),Depends on CPU,2,1,1,No,Wi-Fi 5,Yes,No
MSI B760 GAMING PLUS WIFI         (16),MSI,"B760 GAMING PLUS WIFI, 7D98-007R, 911-7D98-007",LGA1700,ATX,Intel B760,192 GB,DDR5,4,"DDR5-4800, DDR5-5000, DDR5-5200, DDR5-5400, DDR5-5600, DDR5-5800, DDR5-6000, DDR5-6200, DDR5-6400, DDR5-6600, DDR5-6800",Black / Silver,5,,"2242/2260/2280/22110 M-key, 2242/2260/2280 M-key, 2230 E-key",4,1 x 2.5 Gb/s Ports (Realtek RTL8125BG),Depends on CPU,2,1,1,No,Wi-Fi 6E,Yes,No
MSI B450M-A PRO MAX II         (4),MSI,"B450M-A PRO MAX II, 7C52-036R",AM4,Micro ATX,AMD B450,64 GB,DDR4,2,"DDR4-2666, DDR4-2800, DDR4-2933, DDR4-3000, DDR4-3200, DDR4-3466, DDR4-3600, DDR4-3733, DDR4-3866, DDR4-4000, DDR4-4133",Black,1,1,2242/2260/2280 M-key,4,1 x 2.5 Gb/s Ports (Realtek 8125),Depends on CPU,2,1,,No,None,Yes,No
Asus ROG STRIX X870E-E GAMING WIFI         (2),Asus,"ROG STRIX X870E-E GAMING WIFI, 90MB1IB0-M0EAY0, 90MB1IB0-M0AAY0",AM5,ATX,AMD X870E,192 GB,DDR5,4,"DDR5-4800, DDR5-5000, DDR5-5200, DDR5-5400, DDR5-5600, DDR5-5800, DDR5-6000, DDR5-6200, DDR5-6400, DDR5-6600, DDR5-6800, DDR5-7000, DDR5-7200, DDR5-7400, DDR5-7600, DDR5-7800, DDR5-8000",Black,2,,"2242/2260/2280 M-key, 2242/2260/2280 M-key, 2242/2260/2280/22110 M-key, 2280/22110 M-key, 2280 M-key",4,1 x 5 Gb/s Ports (Realtek),Depends on CPU,3,2,,No,Wi-Fi 7,Yes,No
MSI PRO Z790-A MAX WIFI         (18),MSI,"PRO Z790-A MAX WIFI, 7E07-014R, 911-7E07-014",LGA1700,ATX,Intel Z790,192 GB,DDR5,4,"DDR5-4800, DDR5-5000, DDR5-5200, DDR5-5400, DDR5-5600, DDR5-5800, DDR5-6000, DDR5-6200, DDR5-6400, DDR5-6600, DDR5-6800, DDR5-7000, DDR5-7200, DDR5-7400, DDR5-7600, DDR5-7800",Silver / Black,3,1,"2242/2260/2280/22110 M-key, 2242/2260/2280 M-key, 2242/2260/2280 M-key, 2242/2260/2280 M-key, 2230 E-key",6,1 x 2.5 Gb/s Ports (Intel),Depends on CPU,2,1,1,No,Wi-Fi 7,Yes,No
Gigabyte B650M GAMING PLUS WIFI         (8),Gigabyte,"B650M GAMING PLUS WF, B650M GAMING PLUS WIFI",AM5,Micro ATX,AMD B650,192 GB,DDR5,4,"DDR5-4400, DDR5-4800, DDR5-5200, DDR5-5600, DDR5-6000, DDR5-6200, DDR5-6400, DDR5-6600, DDR5-6800, DDR5-7000, DDR5-7200, DDR5-7600",Silver / Black,1,1,"2580 M-key, 2280/22110 M-key",4,1 x 2.5 Gb/s Ports (Realtek),Depends on CPU,2,1,1,No,Wi-Fi 6,Yes,No
Gigabyte B550M K         (14),Gigabyte,"B550M K, GA-B550M-K",AM4,Micro ATX,AMD B550,128 GB,DDR4,4,"DDR4-2133, DDR4-2400, DDR4-2666, DDR4-2933, DDR4-3200, DDR4-3400, DDR4-3466, DDR4-3600, DDR4-3733, DDR4-3866, DDR4-4000, DDR4-4133, DDR4-4266, DDR4-4400, DDR4-4600, DDR4-4733",Brown / Silver,1,1,"2280 M-key, 2280 M-key",4,1 x 1 Gb/s Ports (Realtek),Depends on CPU,1,1,,No,None,Yes,No
Asus TUF GAMING B850-PLUS WIFI         (3),Asus,"TUF GAMING B850-PLUS WIFI, 90MB1J30-M0AAY0, 90MB1J30-M0EAY0",AM5,ATX,AMD B850,192 GB,DDR5,4,"DDR5-5200, DDR5-5600, DDR5-6000, DDR5-6200, DDR5-6400, DDR5-6600, DDR5-6800, DDR5-7000, DDR5-7200, DDR5-7400, DDR5-7600, DDR5-7800, DDR5-8000",Black / Silver,2,2,"2280 M-key, 2242/2260/2280/22110 M-key, 2280 M-key",4,1 x 2.5 Gb/s Ports (Realtek),Depends on CPU,2,1,1,No,Wi-Fi 7,Yes,No
ASRock B650M Pro RS WiFi         (73),ASRock,"B650M Pro RS WiFi, 90-MXBLZ0-A0UAYZ",AM5,Micro ATX,AMD B650,256 GB,DDR5,4,"DDR5-4400, DDR5-4800, DDR5-5200, DDR5-5600, DDR5-6000, DDR5-6200",Black / Silver,2,,"2260/2280 M-key, 2260/2280 M-key, 2260/2280 M-key, 2230 E-key",4,1 x 2.5 Gb/s Ports (Realtek Dragon RTL8125BG),Depends on CPU,2,2,1,No,Wi-Fi 6E,Yes,No
Gigabyte B850 EAGLE WIFI6E         (1),Gigabyte,B850 EAGLE WIFI6E,AM5,ATX,AMD B850,256 GB,DDR5,4,"DDR5-4400, DDR5-4800, DDR5-5200, DDR5-5600, DDR5-5800, DDR5-6000, DDR5-6200, DDR5-6400, DDR5-6600, DDR5-6800, DDR5-7000, DDR5-7200, DDR5-7400, DDR5-7600, DDR5-7800, DDR5-7900, DDR5-7950, DDR5-8000, DDR5-8200",Gray / Black,4,,"2280/22110 M-key, 2280/22110 M-key, 2280/22110 M-key",4,1 x 1 Gb/s Ports (Realtek),Depends on CPU,2,1,1,No,Wi-Fi 6E,Yes,No
Asus TUF GAMING B650-PLUS WIFI         (34),Asus,"TUF GAMING B650-PLUS WIFI, 90MB1BZ0-M0AAY0, 90MB1BZ0-M0EAY0",AM5,ATX,AMD B650,128 GB,DDR5,4,"DDR5-4800, DDR5-5000, DDR5-5200, DDR5-5400, DDR5-5600, DDR5-5800, DDR5-6000, DDR5-6200, DDR5-6400",Black,2,2,"2242/2260/2280 M-key, 2242/2260/2280/22110 M-key, 2242/2260/2280 M-key",4,1 x 2.5 Gb/s Ports (Realtek),Depends on CPU,2,1,1,No,Wi-Fi 6,Yes,No
MSI MAG B550 TOMAHAWK MAX WIFI         (36),MSI,"MAG B550 TOMAHAWK MAX WIFI, 7C94-043R",AM4,ATX,AMD B550,128 GB,DDR4,4,"DDR4-2133, DDR4-2400, DDR4-2666, DDR4-2933, DDR4-3000, DDR4-3200, DDR4-3300, DDR4-3333, DDR4-3400, DDR4-3466, DDR4-3600, DDR4-3733, DDR4-3866, DDR4-4000, DDR4-4133, DDR4-4200, DDR4-4266, DDR4-4300, DDR4-4400, DDR4-4533, DDR4-4600, DDR4-4800, DDR4-4866, DDR4-5000, DDR4-5100",Silver / Black,2,2,"2242/2260/2280/22110 M-key, 2242/2260/2280 M-key, 2230 E-key",6,1 x 2.5 Gb/s Ports (Realtek RTL8125B),Depends on CPU,2,1,1,No,Wi-Fi 6,Yes,No
Gigabyte B550M AORUS ELITE AX         (5),Gigabyte,B550M AORUS ELITE AX,AM4,Micro ATX,AMD B550,128 GB,DDR4,4,"DDR4-2133, DDR4-2400, DDR4-2666, DDR4-2933, DDR4-3200, DDR4-3400, DDR4-3466, DDR4-3600, DDR4-3733, DDR4-3866, DDR4-4000, DDR4-4133, DDR4-4266, DDR4-4400, DDR4-4600, DDR4-4733",Black / Silver,2,1,"2242/2260/2280/22110 M-key, 2242/2260/2280 M-key",4,1 x 1 Gb/s Ports (Realtek),Depends on CPU,1,1,,No,Wi-Fi 6E,Yes,No
ASRock B450M-HDV R4.0         (40),ASRock,"B450M-HDV R4.0, 90-MXB9N0-A0UAYZ",AM4,Micro ATX,AMD B450,64 GB,DDR4,2,"DDR4-2133, DDR4-2400, DDR4-2666, DDR4-2933, DDR4-3200",Black / White,1,1,2242/2260/2280 M-key,4,1 x 1 Gb/s Ports,Depends on CPU,2,1,,No,None,Yes,No
Gigabyte B650 GAMING X AX V2         (37),Gigabyte,B650 GAMING X AX V2,AM5,ATX,AMD B650,192 GB,DDR5,4,"DDR5-4400, DDR5-4800, DDR5-5200, DDR5-5600, DDR5-6000, DDR5-6200, DDR5-6400, DDR5-6600, DDR5-6800, DDR5-7000, DDR5-7200, DDR5-7600, DDR5-7800, DDR5-8000",Gray / Black,3,,"2580/25110 M-key, 2580/25110 M-key, 2580/25110 M-key",4,1 x 2.5 Gb/s Ports (Realtek),Depends on CPU,2,1,,No,Wi-Fi 6E,Yes,No
Asus ROG STRIX X870-A GAMING WIFI         (5),Asus,"ROG STRIX X870-A GAMING WIFI, 90MB1IF0-M0AAY0, 90MB1IF0-M0EAY0",AM5,ATX,AMD X870,192 GB,DDR5,4,"DDR5-4800, DDR5-5000, DDR5-5200, DDR5-5400, DDR5-5600, DDR5-5800, DDR5-6000, DDR5-6200, DDR5-6400, DDR5-6600, DDR5-6800, DDR5-7000, DDR5-7200, DDR5-7400, DDR5-7600, DDR5-7800, DDR5-8000",White,2,,"2242/2260/2280 M-key, 2242/2260/2280/22110 M-key, 2280 M-key, 2280 M-key",2,1 x 2.5 Gb/s Ports (Intel),Depends on CPU,2,2,,No,Wi-Fi 7,Yes,No
Gigabyte B760M GAMING PLUS WIFI DDR4         (3),Gigabyte,"B760M G P WIFI DDR4, B760M GAMING PLUS WIFI DDR4",LGA1700,Micro ATX,Intel B760,128 GB,DDR4,4,"DDR4-2133, DDR4-2400, DDR4-2666, DDR4-2933, DDR4-3000, DDR4-3200, DDR4-3300, DDR4-3333, DDR4-3400, DDR4-3466, DDR4-3600, DDR4-3666, DDR4-3733, DDR4-3800, DDR4-3866, DDR4-4000, DDR4-4133, DDR4-4266, DDR4-4300, DDR4-4400, DDR4-4500, DDR4-4600, DDR4-4700, DDR4-4800, DDR4-4933, DDR4-5000, DDR4-5133, DDR4-5333",Black / Silver,1,2,"2280 M-key, 2280 M-key",4,1 x 1 Gb/s Ports (Realtek),Depends on CPU,2,1,1,No,Wi-Fi 6,Yes,No
MSI MAG B850 TOMAHAWK MAX WIFI         (3),MSI,"MAG B850 TOMAHAWK MAX WIFI, 7E62-002R",AM5,ATX,AMD B850,256 GB,DDR5,4,"DDR5-4800, DDR5-8400",Black / Green,3,,"2280/22110 M-key, 2260/2280 M-key, 2260/2280 M-key, 2260/2280 M-key, 2230 E-key",4,1 x 5 Gb/s Ports (Realtek 8126VB),Depends on CPU,2,2,,No,Wi-Fi 7,Yes,No
ASRock A620I LIGHTNING WIFI         (12),ASRock,"A620I LIGHTNING WIFI, 90-MXBMN0-A0UAYZ",AM5,Mini ITX,AMD A620,96 GB,DDR5,2,"DDR5-4800, DDR5-5200, DDR5-5600, DDR5-6000, DDR5-6200, DDR5-6400, DDR5-6600, DDR5-6800, DDR5-7000, DDR5-7200",Black,1,,"2280 M-key, 2280 M-key, 2230 E-key",2,1 x 2.5 Gb/s Ports (Realtek Dragon RTL8125BG),Depends on CPU,1,1,1,No,Wi-Fi 6E,Yes,No
ASRock B850I Lightning WiFi         (6),ASRock,"B850I Lightning WiFi, 90-MXBQR0-A0UAYZ, 90-MXBQR-A0UAYZ",AM5,Mini ITX,AMD B850,128 GB,DDR5,2,"DDR5-4400, DDR5-4800, DDR5-5200, DDR5-5600, DDR5-6000, DDR5-6200, DDR5-6400, DDR5-6600, DDR5-6800, DDR5-7000, DDR5-7200, DDR5-7600, DDR5-7800, DDR5-8000, DDR5-8200",Black,1,,"2280 M-key, 2280 M-key, 2230 E-key",2,1 x 2.5 Gb/s Ports (Intel Killer E3100G),Depends on CPU,1,1,1,No,Wi-Fi 6E,Yes,No
MSI PRO B650-S WIFI         (29),MSI,"PRO B650-S WIFI, 7E26-003R",AM5,ATX,AMD B650,192 GB,DDR5,4,"DDR5-4800, DDR5-5000, DDR5-5200, DDR5-5400, DDR5-5600, DDR5-5800, DDR5-6000",Black,2,1,"2280/22110 M-key, 2260/2280 M-key, 2230 E-key",4,1 x 2.5 Gb/s Ports (Realtek RTL8125BG),Depends on CPU,2,1,1,No,Wi-Fi 6E,Yes,No
Gigabyte B850 AORUS ELITE WIFI7 ICE         (6),Gigabyte,"B850 AORUS ELITE WIFI7 ICE, B850 A ELITE WF7 ICE",AM5,ATX,AMD B850,256 GB,DDR5,4,"DDR5-4400, DDR5-4800, DDR5-5200, DDR5-5600, DDR5-5800, DDR5-6000, DDR5-6200, DDR5-6400, DDR5-6600, DDR5-6800, DDR5-7000, DDR5-7200, DDR5-7400, DDR5-7600, DDR5-7800, DDR5-7900, DDR5-7950, DDR5-8000, DDR5-8200",White / Silver,3,,"2580/25110 M-key, 2580/25110 M-key, 2580/25110 M-key",4,1 x 2.5 Gb/s Ports (Realtek),Depends on CPU,2,1,,No,Wi-Fi 7,Yes,No
Asus ROG STRIX B550-F GAMING WIFI II         (33),Asus,"STRIX B550-F GAMING WIFI II, ROG STRIX B550-F GAMING WIFI II, 90MB19V0-M0EAY0",AM4,ATX,AMD B550,128 GB,DDR4,4,"DDR4-2133, DDR4-2400, DDR4-2666, DDR4-2800, DDR4-3000, DDR4-3200, DDR4-3400, DDR4-3466, DDR4-3600, DDR4-3733, DDR4-3866, DDR4-4000, DDR4-4133, DDR4-4266, DDR4-4400, DDR4-4600, DDR4-4666, DDR4-4800, DDR4-4866, DDR4-5100",Black / Red,2,3,"2242/2260/2280/22110 M-key, 2242/2260/2280/22110 M-key",6,1 x 2.5 Gb/s Ports (Intel I225-V),Depends on CPU,2,1,,No,Wi-Fi 6,Yes,No
Asus ROG ZENITH II EXTREME ALPHA         (4),Asus,"ROG ZENITH II EXTREME ALPHA, ZENITH II EXTREME ALPHA, 90MB14K0-M0EAY0",sTRX4,EATX,AMD TRX40,256 GB,DDR4,8,"DDR4-2133, DDR4-2400, DDR4-2666, DDR4-2800, DDR4-3400, DDR4-3733, DDR4-3800, DDR4-4133, DDR4-4266, DDR4-4333, DDR4-4400, DDR4-4600",Black / Silver,4,,"2242/2260/2280 M-key, 2242/2260/2280 M-key, 2242/2260/2280 M-key, 2242/2260/2280/22110 M-key, 2242/2260/2280/22110 M-key",8,"1 x 1 Gb/s Ports (Intel I211-AT), 1 x 10 Gb/s Ports (Aquantia AQC-107 10G)",No,2,2,2,Yes,Wi-Fi 6,Yes,No
MSI B550-A PRO         (119),MSI,"B550-A PRO, 7C56-002R",AM4,ATX,AMD B550,128 GB,DDR4,4,"DDR4-1866, DDR4-2133, DDR4-2400, DDR4-2666, DDR4-2800, DDR4-2933, DDR4-3000, DDR4-3200, DDR4-3466, DDR4-3600, DDR4-3733, DDR4-3866, DDR4-4000, DDR4-4133, DDR4-4266, DDR4-4400",Black / Silver,2,2,"2242/2260/2280/22110 M-key, 2242/2260/2280 M-key",6,1 x 1 Gb/s Ports (Realtek RTL8111H),Depends on CPU,2,1,1,No,None,Yes,No
Asus ROG CROSSHAIR X870E HERO         (2),Asus,"ROG CROSSHAIR X870E HERO, 90MB1IE0-M0AAY0, 90MB1IE0-M0EAY0",AM5,ATX,AMD X870E,192 GB,DDR5,4,"DDR5-4800, DDR5-5000, DDR5-5200, DDR5-5400, DDR5-5600, DDR5-6000, DDR5-6200, DDR5-6400, DDR5-6600, DDR5-6800, DDR5-7000, DDR5-7200, DDR5-7400, DDR5-7600, DDR5-7800, DDR5-8000, DDR5-8200, DDR5-8400, DDR5-8600",Black,2,,"2242/2260/2280 M-key, 2242/2260/2280 M-key, 2242/2260/2280 M-key, 2242/2260/2280 M-key, 2280 M-key",4,"1 x 2.5 Gb/s Ports (Intel), 1 x 5 Gb/s Ports (Realtek)",Depends on CPU,2,2,,No,Wi-Fi 7,Yes,No
MSI B550 GAMING GEN3         (7),MSI,"B550 GAMING GEN3, 7B86-050R, 911-7B86-050",AM4,ATX,AMD B550,128 GB,DDR4,4,"DDR4-1866, DDR4-2133, DDR4-2400, DDR4-2666, DDR4-2800, DDR4-2933, DDR4-3000, DDR4-3200, DDR4-3466, DDR4-3600, DDR4-3733, DDR4-3866, DDR4-4000, DDR4-4133, DDR4-4266, DDR4-4400",Black,2,4,2260/2280/22110 M-key,6,1 x 1 Gb/s Ports (Realtek RTL8111H),Depends on CPU,2,1,,No,None,Yes,No
Asus ROG STRIX B650E-F GAMING WIFI         (59),Asus,"ROG STRIX B650E-F GAMING WIFI, 90MB1BQ0-M0AAY0, 90MB1BQ0-M0EAY0, 90MB1BQ0-M0EAY1",AM5,ATX,AMD B650E,192 GB,DDR5,4,"DDR5-4800, DDR5-5000, DDR5-5200, DDR5-5400, DDR5-5600, DDR5-5800, DDR5-6000, DDR5-6200, DDR5-6400",Black,2,2,"2242/2260/2280 M-key, 2242/2260/2280/22110 M-key, 2242/2260/2280/22110 M-key",4,1 x 2.5 Gb/s Ports (Intel I225-V),Depends on CPU,2,1,1,No,Wi-Fi 6E,Yes,No
MSI PRO H610M-G DDR4         (9),MSI,"PRO H610M-G DDR4, 7D46-009R, 911-7D46-003",LGA1700,Micro ATX,Intel H610,64 GB,DDR4,2,"DDR4-2133, DDR4-2400, DDR4-2666, DDR4-2800, DDR4-2933, DDR4-3000, DDR4-3200",Black / Silver,1,1,"2242/2260/2280 M-key, 2230 E-key",4,1 x 1 Gb/s Ports (Intel I219-V),Depends on CPU,1,1,,No,None,No,No
Asus TUF GAMING B650-E WIFI         (18),Asus,"TUF GAMING B650-E WIFI, 90MB1GT0-M0EAY0, 90MB1GT0-M0AAY0",AM5,ATX,AMD B650,192 GB,DDR5,4,"DDR5-4800, DDR5-5000, DDR5-5200, DDR5-5400, DDR5-5600, DDR5-5800, DDR5-6000, DDR5-6200, DDR5-6400, DDR5-6600, DDR5-6800, DDR5-7000, DDR5-7200, DDR5-7600, DDR5-7800, DDR5-8000",Black / Orange,2,1,"2242/2260/2280 M-key, 2242/2260/2280 M-key, 2242/2260/2280/22110 M-key",4,1 x 2.5 Gb/s Ports (Realtek),Depends on CPU,2,1,,No,Wi-Fi 6E,Yes,No
MSI PRO B650M-P         (17),MSI,"PRO B650M-P, 7E27-001R, 911-7E27-001",AM5,Micro ATX,AMD B650,192 GB,DDR5,4,"DDR5-4800, DDR5-5000, DDR5-5200, DDR5-5400, DDR5-5600, DDR5-5800, DDR5-6000",Black / Silver,1,2,"2260/2280 M-key, 2260/2280 M-key",4,1 x 2.5 Gb/s Ports (Realtek RTL8125BG),Depends on CPU,2,1,1,No,None,Yes,No
Asus ROG STRIX B650-A GAMING WIFI         (50),Asus,"ROG STRIX B650-A GAMING WIFI, 90MB1BP0-M0AAY0, 90MB1BP0-M0EAY0",AM5,ATX,AMD B650,192 GB,DDR5,4,"DDR5-4800, DDR5-5000, DDR5-5200, DDR5-5400, DDR5-5600, DDR5-5800, DDR5-6000, DDR5-6200, DDR5-6400",Black / Silver,2,2,"2242/2260/2280 M-key, 2242/2260/2280 M-key, 2242/2260/2280/22110 M-key",4,1 x 2.5 Gb/s Ports (Intel),Depends on CPU,2,1,1,No,Wi-Fi 6E,Yes,No
Asus TUF GAMING B850M-PLUS WIFI         (4),Asus,"TUF GAMING B850M-PLUS WIFI, 90MB1IY0-M0AAY0, 90MB1IY0-M0EAY0",AM5,Micro ATX,AMD B850,192 GB,DDR5,4,"DDR5-5600, DDR5-5800, DDR5-6000, DDR5-6200, DDR5-6400, DDR5-6600, DDR5-6800, DDR5-7000, DDR5-7200, DDR5-7400, DDR5-7600, DDR5-7800, DDR5-8000",Black,1,1,"2280 M-key, 2242/2260/2280 M-key, 2280 M-key",4,1 x 2.5 Gb/s Ports (Realtek),Depends on CPU,1,1,1,No,Wi-Fi 6E,Yes,No
MSI MAG X670E TOMAHAWK WIFI         (41),MSI,"MAG X670E TOMAHAWK WIFI, 7E12-001R, 911-7E12-001",AM5,ATX,AMD X670E,192 GB,DDR5,4,"DDR5-4800, DDR5-5000, DDR5-5200, DDR5-5400, DDR5-5600, DDR5-5800, DDR5-6000, DDR5-6200, DDR5-6400, DDR5-6600",Black,3,1,"2280/22110 M-key, 2260/2280 M-key, 2260/2280 M-key, 2260/2280 M-key",4,1 x 2.5 Gb/s Ports (Realtek RTL8125BG),Depends on CPU,2,2,1,No,Wi-Fi 6E,Yes,No
Gigabyte B850 AORUS ELITE WIFI7         (3),Gigabyte,"B850 AORUS ELITE WIFI7, B850 A ELITE WF7, B850 AORUS ELITE WF7",AM5,ATX,AMD B850,256 GB,DDR5,4,"DDR5-4400, DDR5-4800, DDR5-5200, DDR5-5600, DDR5-5800, DDR5-6000, DDR5-6200, DDR5-6400, DDR5-6600, DDR5-6800, DDR5-7000, DDR5-7200, DDR5-7400, DDR5-7600, DDR5-7800, DDR5-7900, DDR5-7950, DDR5-8000, DDR5-8200",Black,3,,"2580/25110 M-key, 2580/25110 M-key, 2580/25110 M-key",4,1 x 2.5 Gb/s Ports (Realtek),Depends on CPU,2,1,,No,Wi-Fi 7,Yes,No
MSI PRO A620M-E         (3),MSI,"PRO A620M-E, 7E28-001R, 911-7E28-001",AM5,Micro ATX,AMD A620,96 GB,DDR5,2,"DDR5-4800, DDR5-5000, DDR5-5200, DDR5-5400, DDR5-5800, DDR5-6000, DDR5-6200, DDR5-6400",Black,1,1,2260/2280 M-key,4,1 x 1 Gb/s Ports (Realtek RTL8111H),Depends on CPU,2,1,,No,None,Yes,No
Asus TUF GAMING B550-PLUS WIFI II         (23),Asus,"TUF GAMING B550-PLUS WIFI II, 90MB19U0-MVAAY0, 90MB19U0-M0EAY0",AM4,ATX,AMD B550,128 GB,DDR4,4,"DDR4-2133, DDR4-2400, DDR4-2666, DDR4-2800, DDR4-2933, DDR4-3000, DDR4-3200, DDR4-3333, DDR4-3400, DDR4-3466, DDR4-3600, DDR4-3733, DDR4-3866, DDR4-4000, DDR4-4133, DDR4-4200, DDR4-4266, DDR4-4333, DDR4-4400, DDR4-4600, DDR4-4800, DDR4-4866",Black / Gray,2,3,"2242/2260/2280/22110 M-key, 2242/2260/2280/22110 M-key",6,1 x 2.5 Gb/s Ports (Realtek),Depends on CPU,2,1,,No,Wi-Fi 6,Yes,No
Gigabyte Z790 AORUS ELITE AX         (25),Gigabyte,Z790 AORUS ELITE AX,LGA1700,ATX,Intel Z790,192 GB,DDR5,4,"DDR5-4000, DDR5-4800, DDR5-5200, DDR5-5400, DDR5-5600, DDR5-5800, DDR5-6000, DDR5-6200, DDR5-6400, DDR5-6600, DDR5-6800, DDR5-7000, DDR5-7200, DDR5-7400, DDR5-7600",Black,3,,"2280/22110 M-key, 2280/22110 M-key, 2280/22110 M-key, 2280/22110 M-key",6,1 x 2.5 Gb/s Ports (Realtek),Depends on CPU,2,1,1,No,Wi-Fi 6E,Yes,No
ASRock B650 Steel Legend WiFi         (13),ASRock,"B650 Steel Legend WiFi, 90-MXBN90-A0UAYZ",AM5,ATX,AMD B650,256 GB,DDR5,4,"DDR5-4400, DDR5-4800, DDR5-5200, DDR5-5600, DDR5-6000, DDR5-6200, DDR5-6400, DDR5-6600, DDR5-6800, DDR5-7000, DDR5-7200",White / Silver,2,1,"2260/2280 M-key, 2230/2260/2280 M-key, 2260/2280 M-key, 2230 E-key",4,1 x 2.5 Gb/s Ports (Realtek RTL8125BG),Depends on CPU,2,2,1,No,Wi-Fi 6E,Yes,No
ASRock B650I Lightning Wifi         (29),ASRock,"B650I Lightning Wifi, 90-MXBMP0-A0UAYZ",AM5,Mini ITX,AMD B650,96 GB,DDR5,2,"DDR5-4800, DDR5-5200, DDR5-5600, DDR5-6000, DDR5-6200, DDR5-6400, DDR5-6600, DDR5-6800, DDR5-7000, DDR5-7200",Black,1,,"2280 M-key, 2280 M-key, 2230 E-key",2,1 x 2.5 Gb/s Ports (Realtek Dragon RTL8125BG),Depends on CPU,1,1,1,No,Wi-Fi 6E,Yes,No
Asus ROG STRIX B760-I GAMING WIFI         (17),Asus,"ROG STRIX B760-I GAMING WIFI, 90MB1D90-M0AAY0, 90MB1D90-M0EAY0, 90MB1D90-M1EAY0",LGA1700,Mini ITX,Intel B760,96 GB,DDR5,2,"DDR5-4800, DDR5-5000, DDR5-5200, DDR5-5400, DDR5-5600, DDR5-5800, DDR5-6000, DDR5-6200, DDR5-6400, DDR5-6600, DDR5-6800, DDR5-7000, DDR5-7200, DDR5-7600",Black,1,,"2260/2280 M-key, 2242/2260/2280 M-key",4,1 x 2.5 Gb/s Ports (Intel),Depends on CPU,1,1,1,No,Wi-Fi 6E,Yes,No
Asus ROG STRIX B850-I GAMING WIFI         (6),Asus,"ROG STRIX B850-I GAMING WIFI, STRIX B850-I GAMING WIFI, 90MB1K30-M0EAY0, 90MB1K30-MVAAY0",AM5,Mini ITX,AMD B850,96 GB,DDR5,2,"DDR5-4400, DDR5-8400",Black,1,,"2242/2260/2280 M-key, 2242/2260/2280 M-key",2,1 x 2.5 Gb/s Ports (Intel),Depends on CPU,1,1,1,No,Wi-Fi 7,No,No
Gigabyte Z790 EAGLE AX         (4),Gigabyte,Z790 EAGLE AX,LGA1700,ATX,Intel Z790,192 GB,DDR5,4,"DDR5-4400, DDR5-4800, DDR5-5200, DDR5-5400, DDR5-5600, DDR5-5800, DDR5-6000, DDR5-6200, DDR5-6400, DDR5-6600, DDR5-6800, DDR5-7000, DDR5-7200, DDR5-7400",Gray / Black,3,2,"2280/22110 M-key, 2280 M-key, 2280 M-key",4,1 x 2.5 Gb/s Ports (Realtek),Depends on CPU,2,1,1,No,Wi-Fi 6E,Yes,No
ASRock X870 Pro RS         (1),ASRock,"X870 Pro RS, 90-MXBPZ0-A0UAYZ",AM5,ATX,AMD X870,256 GB,DDR5,4,"DDR5-4800, DDR5-5200, DDR5-5600, DDR5-6000, DDR5-6200, DDR5-6400, DDR5-6600, DDR5-6800, DDR5-7000, DDR5-7200, DDR5-7600, DDR5-7800, DDR5-8000",White,2,,"2280 M-key, 2230/2242/2260/2280 M-key, 2280 M-key, 2230 E-key",4,1 x 2.5 Gb/s Ports (Realtek Dragon RTL8125BG),Depends on CPU,2,1,,No,None,Yes,No
Gigabyte X870E AORUS PRO ICE         (9),Gigabyte,X870E AORUS PRO ICE,AM5,ATX,AMD X870E,256 GB,DDR5,4,"DDR5-4400, DDR5-4800, DDR5-5200, DDR5-5600, DDR5-6000, DDR5-6200, DDR5-6400, DDR5-6600, DDR5-6666, DDR5-6800, DDR5-7000, DDR5-7200, DDR5-7600, DDR5-7800, DDR5-8000",White,3,,"2580/25110 M-key, 2280/22110 M-key, 2280/22110 M-key, 2280/22110 M-key",4,1 x 2.5 Gb/s Ports (Realtek),Depends on CPU,2,2,,No,Wi-Fi 7,Yes,No
Asus TUF GAMING B650M-E WIFI         (7),Asus,"TUF GAMING B650M-E WIFI, 90MB1FV0-M0EAY0",AM5,Micro ATX,AMD B650,192 GB,DDR5,4,"DDR5-4800, DDR5-5000, DDR5-5200, DDR5-5400, DDR5-5600, DDR5-5800, DDR5-6000, DDR5-6200, DDR5-6400",Black,1,2,"2242/2260/2280 M-key, 2242/2260/2280 M-key",4,1 x 2.5 Gb/s Ports (Realtek),Depends on CPU,2,1,1,No,Wi-Fi 6,Yes,No
MSI MEG X870E GODLIKE         (0),MSI,"MEG X870E GODLIKE, 7E48-001R",AM5,EATX,AMD X870E,256 GB,DDR5,4,"DDR5-4800, DDR5-5000, DDR5-5200, DDR5-5400, DDR5-5600, DDR5-5800, DDR5-6000, DDR5-6200, DDR5-6400, DDR5-6600, DDR5-6800, DDR5-7000, DDR5-7200, DDR5-7400, DDR5-7600, DDR5-7800, DDR5-8000, DDR5-8200, DDR5-8400",Black,2,,"2260/2280 M-key, 2260/2280 M-key, 2280/22110 M-key, 2260/2280 M-key, 2260/2280 M-key",4,"1 x 10 Gb/s Ports (Marvell AQtion AQC113C), 1 x 5 Gb/s Ports (Realtek 8126)",Depends on CPU,2,2,1,No,Wi-Fi 7,Yes,No
NZXT N7 Z790         (8),NZXT,N7-Z79XT-W1,LGA1700,ATX,Intel Z790,192 GB,DDR5,4,"DDR5-4400, DDR5-4800, DDR5-5200, DDR5-5600, DDR5-6000, DDR5-6200, DDR5-6400, DDR5-6600, DDR5-6800, DDR5-7000, DDR5-7200",White / Black,3,2,"2242/2260/2280 M-key, 2242/2260/2280 M-key, 2242/2260/2280 M-key, 2230 E-key",4,1 x 2.5 Gb/s Ports (Realtek RTL8125BG),Depends on CPU,2,1,,No,Wi-Fi 6E,Yes,No
Asus TUF GAMING X870-PLUS WIFI         (4),Asus,"TUF GAMING X870-PLUS WIFI, 90MB1IU0-M0EAY0, 90MB1IU0-M0AAY0",AM5,ATX,AMD X870,192 GB,DDR5,4,"DDR5-5600, DDR5-8000",Black,2,,"2280 M-key, 2280 M-key, 2280 M-key, 2242/2260/2280 M-key",2,1 x 2.5 Gb/s Ports (Realtek),Depends on CPU,2,1,,No,Wi-Fi 7,Yes,No
ASRock B850M Pro-A WiFi         (2),ASRock,"B850M Pro-A WiFi, 90-MXBR9-A0UAYZ, 90-MXBR90-A0UAYZ",AM5,Micro ATX,AMD B850,256 GB,DDR5,4,"DDR5-4400, DDR5-4800, DDR5-5200, DDR5-5600, DDR5-6000, DDR5-6200, DDR5-6400, DDR5-6600, DDR5-6800, DDR5-7000, DDR5-7200, DDR5-7600, DDR5-7800, DDR5-8000",Black,1,,"2280 M-key, 2280 M-key, 2280 M-key, 2230 E-key",4,1 x 2.5 Gb/s Ports (Realtek Dragon RTL8125BG),Depends on CPU,2,2,1,No,Wi-Fi 6E,Yes,No
ASRock B650M Pro RS         (21),ASRock,"B650M Pro RS, 90-MXBLP0-A0UAYZ",AM5,Micro ATX,AMD B650,256 GB,DDR5,4,"DDR5-4400, DDR5-4800, DDR5-5200, DDR5-5600, DDR5-6000, DDR5-6200",Black / Silver,2,,"2260/2280 M-key, 2260/2280 M-key, 2260/2280 M-key, 2230 E-key",4,1 x 2.5 Gb/s Ports (Realtek Dragon RTL8125BG),Depends on CPU,2,2,1,No,None,Yes,No
MSI PRO B550M-VC WIFI         (53),MSI,PRO B550M-VC WIFI,AM4,Micro ATX,AMD B550,128 GB,DDR4,4,"DDR4-1866, DDR4-2133, DDR4-2400, DDR4-2666, DDR4-2800, DDR4-2933, DDR4-3000, DDR4-3200, DDR4-3466, DDR4-3600, DDR4-3733, DDR4-3866, DDR4-4000, DDR4-4133, DDR4-4266, DDR4-4400",Black,4,,"2242/2260/2280 M-key, 2242/2260/2280 M-key, 2230 E-key",8,1 x 1 Gb/s Ports (Realtek RTL8111HN),Depends on CPU,2,1,1,No,Wi-Fi 6E,Yes,No
Gigabyte X870I AORUS PRO ICE         (4),Gigabyte,X870I AORUS PRO ICE,AM5,Mini ITX,AMD X870,128 GB,DDR5,2,"DDR5-4400, DDR5-4800, DDR5-5200, DDR5-5600, DDR5-6000, DDR5-6200, DDR5-6400, DDR5-6600, DDR5-6666, DDR5-6800, DDR5-7000, DDR5-7200, DDR5-7600, DDR5-7800, DDR5-8000, DDR5-8200, DDR5-8400",White,1,,"2280 M-key, 2280 M-key",2,1 x 2.5 Gb/s Ports (Realtek),Depends on CPU,1,1,1,No,Wi-Fi 7,Yes,No
ASRock X870 Pro RS WiFi         (6),ASRock,"X870 Pro RS WiFi, 90-MXBQ00-A0UAYZ",AM5,ATX,AMD X870,256 GB,DDR5,4,"DDR5-4800, DDR5-5200, DDR5-5600, DDR5-6000, DDR5-6200, DDR5-6400, DDR5-6600, DDR5-6800, DDR5-7000, DDR5-7200, DDR5-7600, DDR5-7800, DDR5-8000",White,2,,"2280 M-key, 2230/2242/2260/2280 M-key, 2280 M-key, E-key",4,1 x 2.5 Gb/s Ports (Realtek Dragon RTL8125BG),Depends on CPU,2,1,,No,Wi-Fi 7,Yes,No
Asus TUF GAMING Z790-PLUS WIFI         (7),Asus,"TUF GAMING Z790-PLUS WIFI, 90MB1D80-M0EAY0, 90MB1D80-M0AAY0, 90MB1D80-M1EAY0",LGA1700,ATX,Intel Z790,192 GB,DDR5,4,"DDR5-4800, DDR5-5000, DDR5-5200, DDR5-5400, DDR5-5600, DDR5-5800, DDR5-6000, DDR5-6200, DDR5-6400, DDR5-6600, DDR5-6800, DDR5-7000, DDR5-7200",Black / Gray,2,2,"2242/2260/2280/22110 M-key, 2242/2260/2280 M-key, 2242/2260/2280/22110 M-key, 2242/2260/2280 M-key",4,1 x 2.5 Gb/s Ports (Intel),Depends on CPU,2,1,1,No,Wi-Fi 6E,Yes,No
MSI PRO B760M-P DDR4         (4),MSI,"PRO B760M-P DDR4, 7E02-001R, 911-7E02-001",LGA1700,Micro ATX,Intel B760,128 GB,DDR4,4,"DDR4-2133, DDR4-2400, DDR4-2666, DDR4-2933, DDR4-3200, DDR4-3333, DDR4-3400, DDR4-3466, DDR4-3600, DDR4-3733, DDR4-3800, DDR4-4000, DDR4-4200, DDR4-4266, DDR4-4400, DDR4-4600, DDR4-4800",Black,1,2,"2242/2260/2280 M-key, 2242/2260/2280 M-key",4,1 x 1 Gb/s Ports (Realtek 8111H),Depends on CPU,2,1,,No,None,Yes,No
MSI MAG X870E TOMAHAWK WIFI         (4),MSI,"MAG X870E TOMAHAWK WIFI, 7E59-004R",AM5,ATX,AMD X870E,256 GB,DDR5,4,"DDR5-4800, DDR5-8400",Black / Green,3,,"2280/22110 M-key, 2260/2280 M-key, 2260/2280 M-key, 2260/2280 M-key, 2230 E-key",4,1 x 5 Gb/s Ports (Realtek 8126),Depends on CPU,2,2,,No,Wi-Fi 7,Yes,No
Asus ROG STRIX Z790-A GAMING WIFI II         (7),Asus,"ROG STRIX Z790-A GAMING WIFI II, 90MB1FN0-M0EAY0, 90MB1FN0-M0AAY0",LGA1700,ATX,Intel Z790,192 GB,DDR5,4,"DDR5-4800, DDR5-5000, DDR5-5200, DDR5-5400, DDR5-5600, DDR5-5800, DDR5-6000, DDR5-6200, DDR5-6400, DDR5-6600, DDR5-6800, DDR5-7000, DDR5-7200, DDR5-7400, DDR5-7600, DDR5-7800, DDR5-8000",Black / Silver,2,1,"2242/2260/2280/22110 M-key, 2280 M-key, 2280 M-key, 2242/2260/2280/22110 M-key, 2242/2260/2280 M-key",4,1 x 2.5 Gb/s Ports (Intel),Depends on CPU,2,1,,No,Wi-Fi 7,Yes,No
Gigabyte B850 GAMING WIFI6         (1),Gigabyte,"B850 GAMING WIFI6, B850 GAMING WF6",AM5,ATX,AMD B850,256 GB,DDR5,4,"DDR5-4400, DDR5-4800, DDR5-5200, DDR5-5600, DDR5-5800, DDR5-6000, DDR5-6200, DDR5-6400, DDR5-6600, DDR5-6800, DDR5-7000, DDR5-7200, DDR5-7400, DDR5-7600, DDR5-7800, DDR5-7900, DDR5-7950, DDR5-8000, DDR5-8200",Black / Gray,4,,"2280/22110 M-key, 2280/22110 M-key, 2280/22110 M-key",4,1 x 1 Gb/s Ports (Realtek),Depends on CPU,2,1,1,No,Wi-Fi 6,Yes,No
ASRock X870E Taichi         (4),ASRock,"X870E Taichi, 90-MXBP90-A0UAYZ",AM5,EATX,AMD X870E,256 GB,DDR5,4,"DDR5-4400, DDR5-4800, DDR5-5200, DDR5-5600, DDR5-6000, DDR5-6200, DDR5-6400, DDR5-6600, DDR5-6800, DDR5-7000, DDR5-7200, DDR5-7600, DDR5-7800, DDR5-8000, DDR5-8200",Black,2,,"2280 M-key, 2280 M-key, 2280 M-key, 2280 M-key, 2230 E-key",6,1 x 5 Gb/s Ports (Realtek 8126),Depends on CPU,2,2,,No,Wi-Fi 7,Yes,No
Gigabyte B550 EAGLE WIFI6         (1),Gigabyte,B550 EAGLE WIFI6,AM4,ATX,AMD B550,128 GB,DDR4,4,"DDR4-2133, DDR4-2400, DDR4-2666, DDR4-2933, DDR4-3200",Black,5,,"2280/22110 M-key, 2280/22110 M-key",4,1 x 1 Gb/s Ports (Realtek),Depends on CPU,2,1,1,No,Wi-Fi 6E,Yes,No
Asus ROG STRIX B650E-I GAMING WIFI         (63),Asus,"ROG STRIX B650E-I GAMING WIFI, 90MB1BI0-M0EAY0",AM5,Mini ITX,AMD B650E,96 GB,DDR5,2,"DDR5-4800, DDR5-5000, DDR5-5200, DDR5-5400, DDR5-5600, DDR5-5800, DDR5-6000, DDR5-6200, DDR5-6400",Black,1,,"2242/2260/2280 M-key, 2242/2260/2280 M-key",2,1 x 2.5 Gb/s Ports (Intel),Depends on CPU,1,1,1,No,Wi-Fi 6E,Yes,No
Gigabyte B650 AORUS ELITE AX         (88),Gigabyte,B650 AORUS ELITE AX,AM5,ATX,AMD B650,192 GB,DDR5,4,"DDR5-4400, DDR5-4800, DDR5-5200, DDR5-5600, DDR5-6000, DDR5-6200, DDR5-6400, DDR5-6600",Black / Silver,3,,"2580/25110 M-key, 2580/25110 M-key, 2580/25110 M-key",4,1 x 2.5 Gb/s Ports (Realtek),Depends on CPU,2,1,,No,Wi-Fi 6E,Yes,No
MSI PRO B650M-A WIFI         (41),MSI,"PRO B650M-A WIFI, 7D77-001R, B650MAWIFI, 911-7D77-001",AM5,Micro ATX,AMD B650,192 GB,DDR5,4,"DDR5-4800, DDR5-5000, DDR5-5200, DDR5-5400, DDR5-5600, DDR5-5800, DDR5-6000, DDR5-6200, DDR5-6400",Black,2,1,"2260/2280 M-key, 2260/2280 M-key",4,1 x 2.5 Gb/s Ports (Realtek 8125BG),Depends on CPU,2,1,1,No,Wi-Fi 6E,Yes,No
ASRock B760M-HDV/M.2         (3),ASRock,"B760M-HDV/M.2, 90-MXBMJ0-A0UAYZ",LGA1700,Micro ATX,Intel B760,96 GB,DDR5,2,"DDR5-4400, DDR5-4800, DDR5-5200, DDR5-5600, DDR5-6000, DDR5-6200, DDR5-6400, DDR5-6600, DDR5-6800, DDR5-7000, DDR5-7200",White / Black,1,2,"2260/2280 M-key, 2280 M-key, 2230 E-key",4,1 x 2.5 Gb/s Ports (Realtek RTL8125BG),Depends on CPU,2,1,,No,None,Yes,No
Asus ROG STRIX B850-A GAMING WIFI         (3),Asus,"ROG STRIX B850-A GAMING WIFI, 90MB1J50-M0AAY0, 90MB1J50-M0EAY0",AM5,ATX,AMD B850,192 GB,DDR5,4,"DDR5-5600, DDR5-5800, DDR5-6000, DDR5-6200, DDR5-6400, DDR5-6600, DDR5-6800, DDR5-7000, DDR5-7200, DDR5-7600, DDR5-7800, DDR5-8000",White,2,,"2242/2260/2280 M-key, 2280/22110 M-key, 2280 M-key, 2280 M-key",2,1 x 2.5 Gb/s Ports (Intel),Depends on CPU,2,1,1,No,Wi-Fi 7,Yes,No
Gigabyte A520I AC         (19),Gigabyte,"A520I AC, GA-A520I AC",AM4,Mini ITX,AMD A520,64 GB,DDR4,2,"DDR4-2133, DDR4-2400, DDR4-2666, DDR4-2933, DDR4-3200, DDR4-3333, DDR4-3600, DDR4-4000, DDR4-4400, DDR4-4600, DDR4-4866, DDR4-5000, DDR4-5100",Black,1,,2260/2280 M-key,4,1 x 1 Gb/s Ports (Realtek),Depends on CPU,1,1,,No,Wi-Fi 5,Yes,No
ASRock B550M Pro4         (49),ASRock,"B550M Pro4, 90-MXBDK0-A0UAYZ",AM4,Micro ATX,AMD B550,128 GB,DDR4,4,"DDR4-2133, DDR4-2400, DDR4-2666, DDR4-2933, DDR4-3200, DDR4-3466, DDR4-3600, DDR4-3733, DDR4-3800, DDR4-3866, DDR4-4000, DDR4-4133, DDR4-4200, DDR4-4266, DDR4-4333, DDR4-4400, DDR4-4533",Silver / Black,2,1,"2280 M-key, 2280 M-key, 2230 E-key",6,1 x 1 Gb/s Ports (Realtek RTL8111H),Depends on CPU,2,2,,No,None,Yes,No
Gigabyte B550 GAMING X V2         (21),Gigabyte,"B550 GAMING X V2, GAB55GMX2-00-G, GA-B550-GAMING-X-V2",AM4,ATX,AMD B550,128 GB,DDR4,4,"DDR4-2133, DDR4-2400, DDR4-2666, DDR4-2933, DDR4-3200, DDR4-3300, DDR4-3333, DDR4-3400, DDR4-3466, DDR4-3600, DDR4-3733, DDR4-3800, DDR4-3866, DDR4-4000, DDR4-4400, DDR4-4600, DDR4-4733",Black,2,3,"2242/2260/2280/22110 M-key, 2242/2260/2280/22110 M-key",4,1 x 1 Gb/s Ports,Depends on CPU,2,1,1,No,None,Yes,No
MSI MPG X870E CARBON WIFI         (6),MSI,"MPG X870E CARBON WIFI, 7E49-001R, 911-7E49-08S",AM5,ATX,AMD X870E,256 GB,DDR5,4,"DDR5-4800, DDR5-5000, DDR5-5200, DDR5-5400, DDR5-5600, DDR5-5800, DDR5-6000, DDR5-6200, DDR5-6400, DDR5-6600, DDR5-6800, DDR5-7000, DDR5-7200, DDR5-7400, DDR5-7600, DDR5-7800, DDR5-8000, DDR5-8200, DDR5-8400",Black,3,,"2260/2280 M-key, 2260/2280 M-key, 2280/22110 M-key, 2260/2280 M-key",4,"1 x 5 Gb/s Ports (Realtek 8126), 1 x 2.5 Gb/s Ports (Realtek 8125)",Depends on CPU,2,2,,No,Wi-Fi 7,Yes,No
MSI A520M-A PRO         (5),MSI,"A520M-A PRO, 7C96-001R, 911-7C96-001",AM4,Micro ATX,AMD A520,64 GB,DDR4,2,"DDR4-1866, DDR4-2133, DDR4-2400, DDR4-2666, DDR4-2800, DDR4-2933, DDR4-3000, DDR4-3200, DDR4-3466, DDR4-3600, DDR4-3733, DDR4-3866, DDR4-4000, DDR4-4133, DDR4-4266, DDR4-4400, DDR4-4600",Black,1,1,2242/2260/2280 M-key,4,1 x 1 Gb/s Ports (Realtek RTL8111H),Depends on CPU,2,1,,No,None,Yes,No
ASRock Z790 Lightning WiFi         (2),ASRock,Z790 Lightning WiFi,LGA1700,ATX,Intel Z790,256 GB,DDR5,4,"DDR5-4400, DDR5-4800, DDR5-5200, DDR5-5600, DDR5-6000, DDR5-6200, DDR5-6400, DDR5-6600, DDR5-6800, DDR5-7000, DDR5-7200, DDR5-7600",Silver / Black,2,2,"2260/2280 M-key, 2260/2280 M-key, 2260/2280 M-key, 2230 E-key",6,1 x 2.5 Gb/s Ports (Intel Killer E3100G),Depends on CPU,2,2,1,No,Wi-Fi 6E,Yes,No
Gigabyte B650 AORUS ELITE AX ICE         (46),Gigabyte,"B650 AORUS ELITE AX ICE, B650 A ELITE AX ICE",AM5,ATX,AMD B650,192 GB,DDR5,4,"DDR5-4400, DDR5-4800, DDR5-5200, DDR5-5600, DDR5-6000, DDR5-6200, DDR5-6400, DDR5-6600, DDR5-6666, DDR5-6800, DDR5-7000, DDR5-7200, DDR5-7600, DDR5-7800, DDR5-8000",Silver,3,,"2580/25110 M-key, 2580/25110 M-key, 2580/25110 M-key",4,1 x 2.5 Gb/s Ports (Realtek),Depends on CPU,2,1,,No,Wi-Fi 6E,Yes,No
Gigabyte B850M AORUS ELITE WIFI6E ICE         (2),Gigabyte,"B850M AORUS ELITE WIFI6E ICE, B850M A ELT WF6E ICE",AM5,Micro ATX,AMD B850,256 GB,DDR5,4,"DDR5-4400, DDR5-4800, DDR5-5200, DDR5-5600, DDR5-6000, DDR5-6200, DDR5-6400, DDR5-6600, DDR5-6800, DDR5-7000, DDR5-7200, DDR5-7400, DDR5-7600, DDR5-7800, DDR5-7900, DDR5-7950, DDR5-8000, DDR5-8200",White / Silver,2,,"2580/25110 M-key, 2280/22110 M-key",4,1 x 2.5 Gb/s Ports (Realtek),Depends on CPU,2,1,,No,Wi-Fi 6E,Yes,No
MSI PRO Z790-S WIFI         (2),MSI,"PRO Z790-S WIFI, 7D88-001R, 911-7D88-001",LGA1700,ATX,Intel Z790,192 GB,DDR5,4,"DDR5-4800, DDR5-5000, DDR5-5200, DDR5-5400, DDR5-5600, DDR5-5800, DDR5-6000, DDR5-6200, DDR5-6400, DDR5-6600",Black,2,3,"2242/2260/2280/22110 M-key, 2242/2260/2280 M-key, 2230 E-key",4,1 x 2.5 Gb/s Ports (Realtek RTL8125BG),Depends on CPU,2,2,,No,Wi-Fi 6E,Yes,No
Gigabyte X870 GAMING WIFI6         (1),Gigabyte,"X870 GAMING WIFI6, X870 GAMING WF6",AM5,ATX,AMD X870,256 GB,DDR5,4,"DDR5-4400, DDR5-4800, DDR5-5200, DDR5-5600, DDR5-6000, DDR5-6200, DDR5-6400, DDR5-6600, DDR5-6666, DDR5-6800, DDR5-7000, DDR5-7200, DDR5-7600, DDR5-7800, DDR5-8000, DDR5-8200",Black / Gray,3,,"2580/25110 M-key, 2580/25110 M-key, 2580/25110 M-key",4,1 x 2.5 Gb/s Ports (Realtek),Depends on CPU,4,1,,No,Wi-Fi 6,Yes,No
Gigabyte B850M GAMING X WIFI6E         (1),Gigabyte,"B850M GAMING X WIFI6E, B850M GAMING X WF6E",AM5,Micro ATX,AMD B850,256 GB,DDR5,4,"DDR5-4400, DDR5-4800, DDR5-5000, DDR5-5200, DDR5-5600, DDR5-5800, DDR5-6000, DDR5-6200, DDR5-6400, DDR5-6600, DDR5-6800, DDR5-7000, DDR5-7200, DDR5-7400, DDR5-7600, DDR5-7800, DDR5-7900, DDR5-7950, DDR5-8000, DDR5-8200",Black,2,,"2580/25110 M-key, 2580/25110 M-key",4,1 x 2.5 Gb/s Ports (Realtek),Depends on CPU,2,1,1,No,Wi-Fi 6E,Yes,No
ASRock B450M/ac R2.0         (12),ASRock,B450M/ac R2.0,AM4,Micro ATX,AMD B450,128 GB,DDR4,4,"DDR4-2133, DDR4-2400, DDR4-2666, DDR4-2933, DDR4-3200",Black / Silver,2,,"2242/2260/2280 M-key, 2230 E-key",4,1 x 1 Gb/s Ports (Realtek RTL8111H),Depends on CPU,2,1,,No,Wi-Fi 5,Yes,No
Asus ProArt X870E-CREATOR WIFI         (5),Asus,"ProArt X870E-CREATOR WIFI, 90mb1ig0-m0aay0, 90MB1IG0-M0EAY0",AM5,ATX,AMD X870E,256 GB,DDR5,4,"DDR5-4800, DDR5-5200, DDR5-5600, DDR5-6000, DDR5-6200, DDR5-6400, DDR5-6600, DDR5-7800, DDR5-8000",Black / Gold,3,,"2242/2260/2280 M-key, 2242/2260/2280 M-key, 2242/2260/2280 M-key, 2242/2260/2280/22110 M-key",4,"1 x 10 Gb/s Ports (Marvell AQtion), 1 x 2.5 Gb/s Ports (Intel)",Depends on CPU,3,1,,No,Wi-Fi 7,Yes,No
ASRock A520M-HDV         (7),ASRock,"A520M-HDV, 90-MXBE50-A0UAYZ",AM4,Micro ATX,AMD A520,64 GB,DDR4,2,"DDR4-2133, DDR4-2400, DDR4-2666, DDR4-2933, DDR4-3200, DDR4-3466, DDR4-3600, DDR4-3733, DDR4-3800, DDR4-3866, DDR4-4000, DDR4-4133, DDR4-4200, DDR4-4266, DDR4-4333, DDR4-4400, DDR4-4533, DDR4-4600, DDR4-4666, DDR4-4733",Black / Silver,1,1,2242/2260/2280 M-key,4,1 x 1 Gb/s Ports (Realtek RTL8111H),Depends on CPU,2,1,,No,None,Yes,No
Asus Z790-AYW WIFI W         (0),Asus,Z790-AYW WIFI W,LGA1700,ATX,Intel Z790,192 GB,DDR5,4,"DDR5-4800, DDR5-5000, DDR5-5200, DDR5-5400, DDR5-5600, DDR5-5800, DDR5-6000, DDR5-6200, DDR5-6400, DDR5-6600, DDR5-6800, DDR5-7000, DDR5-7200, DDR5-7400, DDR5-7600, DDR5-7800, DDR5-8000",White,3,2,"2242/2260/2280/22110 M-key, 2242/2260/2280 M-key, 2242/2260/2280/22110 M-key",4,1 x 2.5 Gb/s Ports (Realtek),Depends on CPU,2,2,1,No,Wi-Fi 6,Yes,No
MSI MPG B550 GAMING PLUS         (82),MSI,"MPG B550 GAMING PLUS, 7C56-003R, B550GPLUS",AM4,ATX,AMD B550,128 GB,DDR4,4,"DDR4-1866, DDR4-2133, DDR4-2400, DDR4-2666, DDR4-2800, DDR4-2933, DDR4-3000, DDR4-3200, DDR4-3466, DDR4-3600, DDR4-3733, DDR4-3866, DDR4-4000, DDR4-4133, DDR4-4266, DDR4-4400",Black,2,2,"2242/2260/2280/22110 M-key, 2242/2260/2280 M-key",6,1 x 1 Gb/s Ports (Realtek RTL8111H),Depends on CPU,2,1,1,No,None,Yes,No
ASRock Phantom Gaming X870E Nova WiFi         (6),ASRock,"X870E Nova WiFi, 90-MXBPX0-A0UAYZ",AM5,ATX,AMD X870E,256 GB,DDR5,4,"DDR5-4800, DDR5-5200, DDR5-5600, DDR5-6000, DDR5-6200, DDR5-6400, DDR5-6600, DDR5-6800, DDR5-7000, DDR5-7200, DDR5-8200",Black / Purple,2,1,"2280 M-key, 2280 M-key, 2280 M-key, 2280 M-key, 2280 M-key, 2230 E-key",4,1 x 5 Gb/s Ports (Realtek 8126),Depends on CPU,2,2,,No,Wi-Fi 7,Yes,No
MSI PRO B850-P WIFI         (1),MSI,"PRO B850-P WIFI, 7E56-002R, 911-7E56-06S",AM5,ATX,AMD B850,256 GB,DDR5,4,"DDR5-4800, DDR5-5600, DDR5-6400, DDR5-8200",Silver / Black,4,,"2260/2280 M-key, 2280/22110 M-key, 2260/2280 M-key",4,1 x 5 Gb/s Ports (Realtek 8126VB),Depends on CPU,2,2,1,No,Wi-Fi 7,Yes,No
MSI PRO B840-P WIFI         (0),MSI,"PRO B840-P WIFI, 7E57-001R",AM5,ATX,AMD B840,256 GB,DDR5,4,"DDR5-4800, DDR5-5600, DDR5-6400, DDR5-8000",Silver,5,,"2260/2280 M-key, 2260/2280/22110 M-key",4,1 x 2.5 Gb/s Ports (Realtek 8125D),Depends on CPU,2,1,1,No,Wi-Fi 7,Yes,No
Asus TUF GAMING A520M-PLUS WIFI         (6),Asus,"TUF GAMING A520M-PLUS WIFI, 90MB17F0-M0EAY0",AM4,Micro ATX,AMD A520,128 GB,DDR4,4,"DDR4-2133, DDR4-2400, DDR4-2666, DDR4-2800, DDR4-3000, DDR4-3200, DDR4-3333, DDR4-3466, DDR4-3600, DDR4-3733, DDR4-3866, DDR4-4000, DDR4-4133, DDR4-4266, DDR4-4400, DDR4-4600, DDR4-4800, DDR4-4866",Black / Orange,1,2,2242/2260/2280 M-key,4,1 x 1 Gb/s Ports (Realtek),Depends on CPU,2,1,,No,Wi-Fi 5,Yes,No
ASRock B550M-HDV         (6),ASRock,"B550M-HDV, 90-MXBDJ0-A0UAYZ",AM4,Micro ATX,AMD B550,64 GB,DDR4,2,"DDR4-2133, DDR4-2400, DDR4-2666, DDR4-2933, DDR4-3200, DDR4-3466, DDR4-3600, DDR4-3733, DDR4-3800, DDR4-3866, DDR4-4000, DDR4-4133, DDR4-4200, DDR4-4266, DDR4-4333, DDR4-4400, DDR4-4533, DDR4-4600",Black,1,1,2242/2260/2280 M-key,4,1 x 1 Gb/s Ports (Realtek RTL8111H),Depends on CPU,2,1,,No,None,Yes,No
MSI MAG B550 TOMAHAWK         (132),MSI,"MAG B550 TOMAHAWK, 7C91-001R, B550TMHWK",AM4,ATX,AMD B550,128 GB,DDR4,4,"DDR4-1866, DDR4-2133, DDR4-2400, DDR4-2666, DDR4-2800, DDR4-2933, DDR4-3000, DDR4-3200, DDR4-3466, DDR4-3600, DDR4-3733, DDR4-3866, DDR4-4000, DDR4-4133, DDR4-4266, DDR4-4400, DDR4-4533, DDR4-4600, DDR4-4800, DDR4-4866",Black / Silver,2,2,"2242/2260/2280/22110 M-key, 2242/2260/2280 M-key",6,"1 x 1 Gb/s Ports (Realtek RTL8111H), 1 x 2.5 Gb/s Ports (Realtek RTL8125B)",Depends on CPU,2,1,1,No,None,Yes,No
MSI B650M GAMING PLUS WIFI         (9),MSI,"B650M GAMING PLUS WIFI, 7E24-001R",AM5,Micro ATX,AMD B650,192 GB,DDR5,4,"DDR5-4800, DDR5-5000, DDR5-5200, DDR5-5400, DDR5-5600, DDR5-5800, DDR5-6000, DDR5-6200, DDR5-6400, DDR5-6600, DDR5-6800, DDR5-7000, DDR5-7200",Silver / Black,1,2,"2260/2280 M-key, 2260/2280 M-key, 2230 E-key",4,1 x 2.5 Gb/s Ports (Realtek RTL8125BG),Depends on CPU,2,1,1,No,Wi-Fi 6E,Yes,No
